{
    "lcc": 0.42273151605253284,
    "longform_qa": 0.43203024321534295,
    "konwledge_memorization": 0.3706346537725437,
    "alpacafarm": 0.43638406822116216,
    "finance_qa": 0.28789911224170756,
    "hotpotqa": 0.23042767707149633,
    "konwledge_understanding": 0.36188671348476636,
    "multi_news": 0.41341190627490704,
    "qmsum": 0.4269375332377445
}