{
    "lcc": 0.15765473800662796,
    "finance_qa": 0.12296415055070943
}