{
    "lcc": 0.39856650410252414,
    "longform_qa": 0.30637374462681,
    "konwledge_memorization": 0.23233770131703443,
    "alpacafarm": 0.21454822949374786,
    "finance_qa": 0.21695435590987222,
    "hotpotqa": 0.12367349907338858,
    "konwledge_understanding": 0.1497752296800062,
    "multi_news": 0.17816135424309543,
    "qmsum": 0.25529248302500973
}