{
    "longform_qa": 0.435482866486174,
    "konwledge_memorization": 0.3287133412736538,
    "konwledge_understanding": 0.3131402050755429,
    "multi_news": 0.24661133481073452
}