{
    "lcc": 0.3887020015457559,
    "finance_qa": 0.43839744004360137
}