{
    "lcc": 0.7299884114746186,
    "longform_qa": 0.35458822724988204,
    "konwledge_memorization": 0.263596475346837,
    "alpacafarm": 0.27841076635537937,
    "finance_qa": 0.28041469651261247,
    "hotpotqa": 0.12148439006565016,
    "konwledge_understanding": 0.1578050830221037,
    "multi_news": 0.25903431219647405,
    "qmsum": 0.2799973722773655
}