{
    "short_finance_qa": 0.2262292734719813,
    "finance_qa": 0.22995750679544077
}