{
    "short_finance_qa": 0.3103032270073697,
    "finance_qa": 0.22995750679544077
}