{
    "lcc": 0.12802177758777616,
    "longform_qa": 0.14680650448683694,
    "konwledge_memorization": 0.10535355881503645,
    "alpacafarm": 0.10143055253335337,
    "finance_qa": 0.10336338241141522,
    "hotpotqa": 0.06496827429227907,
    "konwledge_understanding": 0.12144368672667621,
    "multi_news": 0.08271408859775525,
    "qmsum": 0.1284798139961879
}