{
    "lcc": 0.24858649858739348,
    "longform_qa": 0.20939615626573255,
    "konwledge_memorization": 0.1592724615818073,
    "alpacafarm": 0.15543117043156274,
    "finance_qa": 0.16500170608014642,
    "hotpotqa": 0.09230807645905109,
    "konwledge_understanding": 0.09308877914010857,
    "multi_news": 0.14059036733016284,
    "qmsum": 0.16938721834727288
}