{
    "lcc": 0.16881689361413507,
    "longform_qa": 0.2091522627117442,
    "konwledge_memorization": 0.1591838962958518,
    "alpacafarm": 0.14481713322280224,
    "finance_qa": 0.1468846930672203,
    "hotpotqa": 0.07093080864912926,
    "konwledge_understanding": 0.17205719022206686,
    "multi_news": 0.11661494347743911,
    "qmsum": 0.178400304897031
}