{
    "lcc": 0.1670940392354761,
    "finance_qa": 0.12978569732446293
}