{
    "lcc": 0.10586229435365996,
    "longform_qa": 0.12261703833967638,
    "konwledge_memorization": 0.08731744808366106,
    "finance_qa": 0.08613580015506177,
    "hotpotqa": 0.046150574125523605,
    "konwledge_understanding": 0.10596898441313812,
    "multi_news": 0.06913546813000013,
    "qmsum": 0.10110514218575889
}