{
    "lcc": 0.3371882888037031,
    "finance_qa": 0.27104296145854334
}