{
    "lcc": 0.3945562086825668,
    "longform_qa": 0.2360624037275556,
    "konwledge_memorization": 0.37672356015010494,
    "finance_qa": 0.22125304935251666,
    "hotpotqa": 0.22671528598557242,
    "konwledge_understanding": 0.22964518710444431,
    "multi_news": 0.1370909979715195,
    "qmsum": 0.24884349866443475
}