{
    "konwledge_memorization": 0.11281022469100511,
    "short_finance_qa": 0.21399438693143782,
    "finance_qa": 0.09779839902922265,
    "konwledge_understanding": 0.07673028749258569
}