{
    "longform_qa": 0.20996817051639952,
    "konwledge_memorization": 0.14456981884304287,
    "short_finance_qa": 0.16148607174777338,
    "konwledge_understanding": 0.1540281221764106,
    "multi_news": 0.12511427360307326
}