{
    "lcc": 0.37168946176892076,
    "finance_qa": 0.4300814663674101
}