{
    "longform_qa": 0.47175874104168924,
    "konwledge_memorization": 0.3460591705568259,
    "konwledge_understanding": 0.24897665329351643,
    "multi_news": 0.2799995539052827
}