{
    "short_finance_qa": 0.3133234853545825,
    "finance_qa": 0.24078717505559324
}