{
    "lcc": 0.15398392969691108,
    "longform_qa": 0.1748558268598116,
    "konwledge_memorization": 0.1402465967839552,
    "alpacafarm": 0.11940817333748795,
    "finance_qa": 0.12585348083638362,
    "hotpotqa": 0.07187700162557417,
    "konwledge_understanding": 0.12679647892015053,
    "multi_news": 0.10126188467667305,
    "qmsum": 0.1468318271669632
}