{
    "lcc": 0.2476679219089643,
    "longform_qa": 0.23460053679413828,
    "konwledge_memorization": 0.1720843596512715,
    "alpacafarm": 0.16194330604343612,
    "short_finance_qa": 0.23220042468359073,
    "finance_qa": 0.16340667878999293,
    "hotpotqa": 0.08888526687094692,
    "konwledge_understanding": 0.1594270483922058,
    "multi_news": 0.1331347961916609,
    "qmsum": 0.20306714365817002
}