{
    "lcc": 0.8105312777478458,
    "longform_qa": 0.46875687174340364,
    "konwledge_memorization": 0.31574653036928335,
    "alpacafarm": 0.3214196350382063,
    "finance_qa": 0.318812107598143,
    "hotpotqa": 0.16979217371635902,
    "konwledge_understanding": 0.24426320620366904,
    "multi_news": 0.26456489162632857,
    "qmsum": 0.3853181568309346
}