{
    "longform_qa": 0.2055171480542301,
    "konwledge_memorization": 0.1447129991198579,
    "short_finance_qa": 0.13510520308477994,
    "konwledge_understanding": 0.12083774955468041,
    "multi_news": 0.1090461154176281
}