{
    "lcc": 0.43028173252640944,
    "longform_qa": 0.4273631386545347,
    "konwledge_memorization": 0.3936685791614568,
    "finance_qa": 0.30999592768415063,
    "hotpotqa": 0.2409040417676252,
    "konwledge_understanding": 0.23112737228568975,
    "multi_news": 0.4233737860824276,
    "qmsum": 0.4265331287542793
}