{
    "lcc": 0.1311974533961061,
    "longform_qa": 0.1492747166385321,
    "konwledge_memorization": 0.10179890491318482,
    "finance_qa": 0.10617941072157713,
    "hotpotqa": 0.05361527212582467,
    "konwledge_understanding": 0.12187375703702372,
    "multi_news": 0.0847792648787903,
    "qmsum": 0.1275156786494636
}