{
    "lcc": 0.4273904741528429,
    "longform_qa": 0.46282933663806847,
    "konwledge_memorization": 0.43662791342525564,
    "alpacafarm": 0.440883074910852,
    "finance_qa": 0.47110520815177537,
    "hotpotqa": 0.3185550506587894,
    "konwledge_understanding": 0.3488608392194189,
    "multi_news": 0.4356249722294728,
    "qmsum": 0.47335255926223746
}