{
    "short_finance_qa": 0.9004985094070435,
    "finance_qa": 0.8908480018377304
}