{
    "short_finance_qa": 0.23220042468359073,
    "finance_qa": 0.17952202189359848
}