{
    "longform_qa": 0.44066600563721786,
    "konwledge_memorization": 0.3335193770028326,
    "konwledge_understanding": 0.3143706508499179,
    "multi_news": 0.24449849546075852
}