{
    "short_finance_qa": 0.26628263890743253,
    "finance_qa": 0.2802151071093977
}