{
    "short_finance_qa": 0.10462179239937786,
    "finance_qa": 0.11409162978715852
}