{
    "lcc": 0.4205988135183115,
    "longform_qa": 0.4286230785148031,
    "konwledge_memorization": 0.367503203566239,
    "alpacafarm": 0.43938250658735095,
    "finance_qa": 0.4710279799199543,
    "hotpotqa": 0.22815102482701188,
    "konwledge_understanding": 0.3655115464000812,
    "multi_news": 0.4106667972366682,
    "qmsum": 0.4260282976955873
}