{
    "lcc": 0.11760595043490862,
    "longform_qa": 0.1165475186096703,
    "konwledge_memorization": 0.08129126095591334,
    "finance_qa": 0.08384614724097722,
    "hotpotqa": 0.05095260246533713,
    "konwledge_understanding": 0.08439226809632729,
    "multi_news": 0.06477795420465647,
    "qmsum": 0.09415446612043801
}