{
    "lcc": 0.24666912396692106,
    "longform_qa": 0.1938142457813191,
    "konwledge_memorization": 0.1531694660132042,
    "alpacafarm": 0.13773809527321249,
    "finance_qa": 0.13523614836786002,
    "hotpotqa": 0.06633356515864361,
    "konwledge_understanding": 0.10470550134689326,
    "multi_news": 0.1073992229549334,
    "qmsum": 0.16891494959446093
}