{
    "lcc": 0.33785061845124004,
    "longform_qa": 0.2883526897329281,
    "konwledge_memorization": 0.20987418291858181,
    "alpacafarm": 0.19692568376852368,
    "finance_qa": 0.20448228701361124,
    "hotpotqa": 0.12670024062272214,
    "konwledge_understanding": 0.20981343593172586,
    "multi_news": 0.16153999766724866,
    "qmsum": 0.24036728049343825
}